entropy_avg_write,count_4kb_write,count_2mb_write,count_mmio_write,addr_var_write,count_4kb_read,count_2mb_read,count_mmio_read,addr_var_read,count_4kb_exec,count_2mb_exec,count_mmio_exec,addr_var_exec,entropy_avg_readwrite,count_4kb_readwrite,count_2mb_readwrite,count_mmio_readwrite,addr_var_readwrite,entropy_avg_ata_write,count_4kb_ata_write,count_2mb_ata_write,count_mmio_ata_write,addr_var_ata_write,entropy_avg_ata_read,count_4kb_ata_read,count_2mb_ata_read,count_mmio_ata_read,addr_var_ata_read
0.03360564,419.0,0.0,0.0,0.5718446373939514,387.0,0.0,0.0,0.78299326,5.0,0.0,0.0,33.9097785949707,0.86902696,35.0,0.0,0.0,0.025450579822063446,0.8721256,0.0,0.0,0.0,0.0023053630720824003,0.0,0.0,0.0,0.0,0.0003355029330123216
0.0061866995,78.0,0.0,0.0,0.00330202910117805,19.0,0.0,0.0,0.11798776,0.0,0.0,0.0,0.0,0.22602324,5.0,0.0,0.0,0.00026514861383475363,0.9319072,0.0,0.0,0.0,0.0017076319782063365,0.0,0.0,0.0,0.0,0.0005017202347517014
0.023097355,531.0,0.0,0.0,0.3350861966609955,354.0,0.0,0.0,0.56688756,0.0,0.0,0.0,0.0,0.77757704,85.0,0.0,0.0,19.451387405395508,0.97550875,0.0,0.0,0.0,0.00041635456727817655,0.0,0.0,0.0,0.0,0.00039958060369826853
0.0069331285,79.0,0.0,0.0,0.030075879767537117,22.0,0.0,0.0,0.008391756,0.0,0.0,0.0,0.0,0.0,0.0,0.0,0.0,0.0,0.96226466,0.0,0.0,0.0,0.002367805689573288,0.0,0.0,0.0,0.0,0.00045558816054835916
0.045285754,778.0,0.0,0.0,1.8184962272644043,1135.0,0.0,0.0,2.9285693,6.0,0.0,0.0,10.037424087524414,0.81667113,41.0,0.0,0.0,6.802098751068115,0.89822614,0.0,0.0,0.0,0.001428831135854125,0.0,0.0,0.0,0.0,0.0003872536472044885
0.060448762,783.0,0.0,0.0,1.4415810108184814,658.0,0.0,0.0,1.288982,10.0,0.0,0.0,0.0024446756578981876,0.7898433,51.0,0.0,0.0,25.81584358215332,0.9499047,0.0,0.0,0.0,0.0017811580328270793,0.0,0.0,0.0,0.0,0.0006680776714347303
0.00010688866,1.0,0.0,0.0,0.0030334501061588526,2.0,0.0,0.0,0.042266276,0.0,0.0,0.0,0.0,0.0,0.0,0.0,0.0,0.0,0.15536149,0.0,0.0,0.0,0.0024438085965812206,0.0,0.0,0.0,0.0,0.0015600586775690317
0.0022025532,15.0,0.0,0.0,0.07187028974294662,6.0,0.0,0.0,0.22257069,0.0,0.0,0.0,0.0,0.0,0.0,0.0,0.0,0.0,0.41200912,0.0,0.0,0.0,0.0016202387632802129,0.0,0.0,0.0,0.0,0.0004860619083046913
0.0123060625,366.0,0.0,0.0,13.222514152526855,1120.0,0.0,0.0,1.1435369,256.0,0.0,0.0,2.4002206325531006,0.73979145,95.0,0.0,0.0,2.7230546474456787,0.9648445,0.0,0.0,0.0,0.0007494565797969699,0.0,0.0,0.0,0.0,0.0005390560254454613
0.009921406,113.0,0.0,0.0,0.1474640667438507,41.0,0.0,0.0,0.06500596,1.0,0.0,0.0,0.0,0.4336966,5.0,0.0,0.0,1.6974581480026245,0.8616697,0.0,0.0,0.0,0.0021803269628435373,0.0,0.0,0.0,0.0,0.0003018228162545711
0.006389983,127.0,0.0,0.0,0.13992443680763245,60.0,0.0,0.0,0.071318485,0.0,0.0,0.0,0.0,0.8081934,6.0,0.0,0.0,0.015407634899020195,0.9385488,0.0,0.0,0.0,0.0019479083130136132,0.0,0.0,0.0,0.0,0.00032737900619395077
0.004307933,17.0,0.0,0.0,0.09688126295804977,73.0,0.0,0.0,2.9251406,17.0,0.0,0.0,37.99728775024414,0.764767,3.0,0.0,0.0,16.067564010620117,0.5107961,0.0,0.0,0.0,0.001034220913425088,0.0,0.0,0.0,0.0,0.003093372331932187
0.021059927,272.0,0.0,0.0,1.061846137046814,217.0,0.0,0.0,1.6877447,3.0,0.0,0.0,6.383456707000732,0.57611144,15.0,0.0,0.0,41.914520263671875,0.12966372,0.0,0.0,0.0,0.0027111966628581285,0.0,0.0,0.0,0.0,0.0004790876992046833
0.04114433,574.0,0.0,0.0,1.484004259109497,369.0,0.0,0.0,1.1052438,1.0,0.0,0.0,0.0,0.82218623,41.0,0.0,0.0,18.79275131225586,0.94870466,0.0,0.0,0.0,0.0013247461756691337,0.0,0.0,0.0,0.0,0.0005841735401190817
0.018692162,80.0,0.0,0.0,1.8806817531585693,65.0,0.0,0.0,1.0110083,3.0,0.0,0.0,0.1838175356388092,0.71763533,3.0,0.0,0.0,0.19540046155452728,0.25408235,0.0,0.0,0.0,0.0004661950224544853,0.0,0.0,0.0,0.0,0.0001648470788495615
0.0007891954,1.0,0.0,0.0,612.6511840820312,2.0,0.0,0.0,0.22398609,0.0,0.0,0.0,0.0,0.0,0.0,0.0,0.0,0.0,0.42899394,0.0,0.0,0.0,0.0011935312068089843,0.0,0.0,0.0,0.0,0.0002410391316516325
0.0035962025,88.0,0.0,0.0,0.04030871018767357,25.0,0.0,0.0,0.0323616,0.0,0.0,0.0,0.0,0.7432262,13.0,0.0,0.0,0.00494436314329505,0.89050055,0.0,0.0,0.0,0.0028503229841589928,0.0,0.0,0.0,0.0,0.0005623194156214595
0.037394505,507.0,0.0,0.0,1.0906288623809814,232.0,0.0,0.0,0.8009359,0.0,0.0,0.0,0.0,0.7742553,12.0,0.0,0.0,13.90364933013916,0.8839955,0.0,0.0,0.0,0.0026849929708987474,0.0,0.0,0.0,0.0,0.0004210563492961228
0.010005764,7.0,0.0,0.0,0.13607341051101685,16.0,0.0,0.0,0.72162867,0.0,0.0,0.0,0.0,0.0,0.0,0.0,0.0,0.0,0.46946543,0.0,0.0,0.0,0.0023157852701842785,0.0,0.0,0.0,0.0,0.001277483650483191
0.0,0.0,0.0,0.0,4.192493747723347e-07,0.0,0.0,0.0,6.188157e-07,0.0,0.0,0.0,0.0,0.0,0.0,0.0,0.0,0.0,0.4935166,0.0,0.0,0.0,0.0023439363576471806,0.0,0.0,0.0,0.0,0.003120915498584509
0.0031996956,78.0,0.0,0.0,0.0996958538889885,90.0,0.0,0.0,0.13055749,8.0,0.0,0.0,0.12549811601638794,0.68704635,67.0,0.0,0.0,0.0502324216067791,0.5212858,0.0,0.0,0.0,0.0010461513884365559,0.0,0.0,0.0,0.0,0.00025856768479570746
0.039251696,455.0,0.0,0.0,0.4144401252269745,747.0,0.0,0.0,0.77748835,11.0,0.0,0.0,1.998837947845459,0.76056087,39.0,0.0,0.0,8.306375503540039,0.86093706,0.0,0.0,0.0,0.0020553439389914274,0.0,0.0,0.0,0.0,0.0003103389753960073
0.030881237,672.0,0.0,0.0,0.3315370976924896,706.0,0.0,0.0,0.70863545,2.0,0.0,0.0,1.1368683772161603e-13,0.8366932,65.0,0.0,0.0,15.646034240722656,0.91365236,0.0,0.0,0.0,0.001242313301190734,0.0,0.0,0.0,0.0,0.0004742874298244715
0.008583737,21.0,0.0,0.0,0.9072608947753906,20.0,0.0,0.0,0.52828115,0.0,0.0,0.0,0.0,0.0077753705,1.0,0.0,0.0,0.0,0.2914831,0.0,0.0,0.0,0.00019028421957045794,0.0,0.0,0.0,0.0,0.000528159667737782
0.003017558,5.0,0.0,0.0,0.028791889548301697,27.0,0.0,0.0,3.591445,1.0,0.0,0.0,0.0,0.0,0.0,0.0,0.0,0.0,0.48922068,0.0,0.0,0.0,0.0018091428792104125,0.0,0.0,0.0,0.0,0.000796506938058883
0.00036001235,24.0,0.0,0.0,0.003597464645281434,54.0,0.0,0.0,0.019077934,7.0,0.0,0.0,8.33437728881836,0.7696752,12.0,0.0,0.0,0.009562290273606777,0.48716727,0.0,0.0,0.0,0.003012987319380045,0.0,0.0,0.0,0.0,0.00048226575017906725
0.003992464,184.0,0.0,0.0,0.10345745086669922,75.0,0.0,0.0,0.046496682,1.0,0.0,0.0,0.0,0.4429813,4.0,0.0,0.0,52.59392166137695,0.5103183,0.0,0.0,0.0,0.0018692109733819962,0.0,0.0,0.0,0.0,0.0012330375611782074
0.0004167044,50.0,0.0,0.0,0.006259677931666374,21.0,0.0,0.0,0.020769684,6.0,0.0,0.0,2.191985607147217,0.8125068,1.0,0.0,0.0,0.0,0.32225198,0.0,0.0,0.0,0.00047936488408595324,0.0,0.0,0.0,0.0,0.002145678736269474
0.00343013,140.0,0.0,0.0,11.980545997619629,88.0,0.0,0.0,0.2958298,3.0,0.0,0.0,43.83790969848633,0.4743302,5.0,0.0,0.0,27.757129669189453,0.33209676,0.0,0.0,0.0,0.0003252692404203117,0.0,0.0,0.0,0.0,0.0017932840855792165
0.0062856865,220.0,0.0,0.0,3.770479202270508,408.0,0.0,0.0,0.81948066,2.0,0.0,0.0,1.5614245967299212e-06,0.53453887,29.0,0.0,0.0,40.360816955566406,0.87995267,0.0,0.0,0.0,0.001837625983171165,0.0,0.0,0.0,0.0,0.0005344144883565605
0.029470008,370.0,0.0,0.0,0.9757240414619446,253.0,0.0,0.0,0.65885353,0.0,0.0,0.0,0.0,0.85172,7.0,0.0,0.0,0.10745782405138016,0.94809794,0.0,0.0,0.0,0.001475453726015985,0.0,0.0,0.0,0.0,0.0004911181167699397
0.00014834483,44.0,0.0,0.0,0.04438213258981705,10.0,0.0,0.0,0.011021167,0.0,0.0,0.0,0.0,0.5193994,2.0,0.0,0.0,3.8722312450408936,0.3423018,0.0,0.0,0.0,0.0006912062526680529,0.0,0.0,0.0,0.0,0.0012517381692305207
0.0018283643,55.0,0.0,0.0,9.808311462402344,120.0,0.0,0.0,0.2248531,2.0,0.0,0.0,2.1571777324425057e-06,0.6362152,1.0,0.0,0.0,0.0,0.42945695,0.0,0.0,0.0,0.003226123983040452,0.0,0.0,0.0,0.0,0.0002885975409299135
0.0,0.0,0.0,0.0,0.0,310.0,0.0,0.0,0.037089895,0.0,0.0,0.0,0.0,0.62613326,4.0,0.0,0.0,72.59798431396484,0.5263403,0.0,0.0,0.0,0.003213278017938137,0.0,0.0,0.0,0.0,0.0011477074585855007
0.022222258,110.0,0.0,0.0,1.2821792364120483,16.0,0.0,0.0,0.31977063,0.0,0.0,0.0,0.0,0.0,0.0,0.0,0.0,0.0,0.51758665,0.0,0.0,0.0,0.0019787694327533245,0.0,0.0,0.0,0.0,0.00023135761148296297
0.0011188603,1.0,0.0,0.0,0.008930142968893051,14.0,0.0,0.0,4.0817103,0.0,0.0,0.0,0.0,0.0,0.0,0.0,0.0,0.0,0.49404255,0.0,0.0,0.0,0.000905043154489249,0.0,0.0,0.0,0.0,0.0
0.00087552366,83.0,0.0,0.0,1.715339183807373,27.0,0.0,0.0,0.70671654,0.0,0.0,0.0,0.0,0.36405906,2.0,0.0,0.0,0.0,0.68894875,0.0,0.0,0.0,0.0020664369221776724,0.0,0.0,0.0,0.0,0.00033534312387928367
0.002033672,84.0,0.0,0.0,0.027998389676213264,105.0,0.0,0.0,0.047210034,0.0,0.0,0.0,0.0,0.6708148,1.0,0.0,0.0,0.0,0.5760501,0.0,0.0,0.0,0.0007113948231562972,0.0,0.0,0.0,0.0,0.0003678416833281517
0.0029617834,98.0,0.0,0.0,0.07245363295078278,16.0,0.0,0.0,0.010929992,0.0,0.0,0.0,0.0,0.0,0.0,0.0,0.0,0.0,0.90976983,0.0,0.0,0.0,0.0016733440570533276,0.0,0.0,0.0,0.0,0.0008388465503230691
0.00079168973,38.0,0.0,0.0,0.010930082760751247,19.0,0.0,0.0,0.006142129,0.0,0.0,0.0,0.0,0.0,0.0,0.0,0.0,0.0,0.54715246,0.0,0.0,0.0,0.0006558321183547378,0.0,0.0,0.0,0.0,0.0012439124984666705
0.0028977734,110.0,0.0,0.0,0.07585475593805313,930.0,0.0,0.0,0.66981536,227.0,0.0,0.0,5.369004249572754,0.76394224,72.0,0.0,0.0,1.5727511644363403,0.47773135,0.0,0.0,0.0,0.0030019613914191723,0.0,0.0,0.0,0.0,0.0004887871909886599
0.0046267384,94.0,0.0,0.0,0.2261878252029419,108.0,0.0,0.0,0.31665412,0.0,0.0,0.0,0.0,0.7218149,5.0,0.0,0.0,48.00922393798828,0.8748663,0.0,0.0,0.0,0.0005499030812643468,0.0,0.0,0.0,0.0,0.0011590340873226523
0.00032976083,31.0,0.0,0.0,0.025180546566843987,163.0,0.0,0.0,0.12550314,0.0,0.0,0.0,0.0,0.7535255,2.0,0.0,0.0,0.5256181359291077,0.51174694,0.0,0.0,0.0,0.00019380782032385468,0.0,0.0,0.0,0.0,0.0005501968553289771
0.00056468166,42.0,0.0,0.0,0.09169752895832062,3.0,0.0,0.0,0.009348366,0.0,0.0,0.0,0.0,0.0,0.0,0.0,0.0,0.0,0.42735603,0.0,0.0,0.0,0.0020985975861549377,0.0,0.0,0.0,0.0,0.00019894128490705043
0.004613825,242.0,0.0,0.0,0.5518631935119629,500.0,0.0,0.0,0.30054787,1.0,0.0,0.0,0.0,0.8492379,20.0,0.0,0.0,16.031705856323242,0.73999894,0.0,0.0,0.0,0.001025538775138557,0.0,0.0,0.0,0.0,0.0004802054900210351
0.0004366826,39.0,0.0,0.0,0.03812358155846596,9.0,0.0,0.0,0.009596532,1.0,0.0,0.0,0.0,0.75197583,4.0,0.0,0.0,3.2261916203424335e-05,0.33922157,0.0,0.0,0.0,0.0006127549568191171,0.0,0.0,0.0,0.0,0.0009087079088203609
0.0006790998,101.0,0.0,0.0,0.07396330684423447,0.0,0.0,0.0,0.0,0.0,0.0,0.0,0.0,0.0,0.0,0.0,0.0,0.0,0.0,0.0,0.0,0.0,0.0,0.0,0.0,0.0,0.0,0.0
0.003092471,153.0,0.0,0.0,0.04485415667295456,215.0,0.0,0.0,0.09798481,0.0,0.0,0.0,0.0,0.705694,7.0,0.0,0.0,0.00017261866014450788,0.646447,0.0,0.0,0.0,0.0020867984276264906,0.0,0.0,0.0,0.0,0.00017262021719943732
0.00046858977,5.0,0.0,0.0,0.017217496410012245,549.0,0.0,0.0,0.15260859,8.0,0.0,0.0,3.4226133823394775,0.6543552,14.0,0.0,0.0,22.12726402282715,0.3299322,0.0,0.0,0.0,0.0017465134151279926,0.0,0.0,0.0,0.0,0.00046119323815219104
0.00039733874,36.0,0.0,0.0,0.0022787072230130434,63.0,0.0,0.0,0.085455775,1.0,0.0,0.0,0.0,0.8301883,2.0,0.0,0.0,0.00430279178544879,0.3870044,0.0,0.0,0.0,0.002205147407948971,0.0,0.0,0.0,0.0,0.0026547068264335394
